<?xml version="1.0" encoding="UTF-8"?>

<Condition xmlns="http://hl7.org/fhir">
  <id value="cfsb1698745463394"/>
  <text>
    <status value="generated"/><div xmlns="http://www.w3.org/1999/xhtml"><p><b>Generated Narrative: Condition</b><a name="cfsb1698745463394"> </a></p><div style="display: inline-block; background-color: #d9e0e7; padding: 6px; margin: 4px; border: 1px solid #8da1b4; border-radius: 5px; line-height: 60%"><p style="margin-bottom: 0px">Resource Condition &quot;cfsb1698745463394&quot; </p></div><p><b>identifier</b>: id: 123456789 (use: OFFICIAL)</p><p><b>category</b>: Example1 <span style="background: LightGoldenRodYellow; margin: 4px; border: 1px solid khaki"> (exampleJM.org#1)</span>, Example2 <span style="background: LightGoldenRodYellow; margin: 4px; border: 1px solid khaki"> (exampleJM.org#2)</span></p><p><b>bodySite</b>: BodySiteCodeExample <span style="background: LightGoldenRodYellow; margin: 4px; border: 1px solid khaki"> (exampleJM.org#1)</span></p><p><b>subject</b>: <a href="cfsb1698745806641">cfsb1698745806641</a></p><p><b>abatement</b>: 2023-10-31</p><p><b>recorder</b>: <a href="Practitioner-cfsb1698744692865.html">Practitioner/cfsb1698744692865</a> &quot; MOREIRA&quot;</p><p><b>note</b>: Teste 11111 (By João Moreira @2023-10-31)</p></div>
  </text>
  <identifier>
    <use value="official"/>
    <system value="http://exampleJM.org"/>
    <value value="123456789"/>
  </identifier>
  <category>
    <coding>
      <system value="http://exampleJM.org"/>
      <code value="1"/>
    </coding>
    <text value="Example1"/>
  </category>
  <category>
    <coding>
      <system value="http://exampleJM.org"/>
      <code value="2"/>
    </coding>
    <text value="Example2"/>
  </category>
  <bodySite>
    <coding>
      <system value="http://exampleJM.org"/>
      <code value="1"/>
    </coding>
    <text value="BodySiteCodeExample"/>
  </bodySite>
  <subject>
    <reference value="cfsb1698745806641"/>
  </subject>
  <abatementDateTime value="2023-10-31"/>
  <recorder>
    <reference value="Practitioner/cfsb1698744692865"/>
  </recorder>
  <note>
    <authorString value="João Moreira"/>
    <time value="2023-10-31"/>
    <text value="Teste 11111"/>
  </note>
</Condition>