<?xml version="1.0" encoding="UTF-8"?>

<Patient xmlns="http://hl7.org/fhir">
  <id value="PatientNvieira"/>
  <meta>
    <profile value="http://example.com/fhir/example/StructureDefinition/nvieira-patient-profile"/>
  </meta>
  <text>
    <status value="generated"/><div xmlns="http://www.w3.org/1999/xhtml"><p style="border: 1px #661aff solid; background-color: #e6e6ff; padding: 10px;"><b>nuno</b> (no stated gender), DoB Unknown ( id: some_value (use: USUAL))</p><hr/><table class="grid"><tr><td style="background-color: #f3f5da" title="Known status of Patient">Deceased:</td><td colspan="3">true</td></tr><tr><td style="background-color: #f3f5da" title="some extension"><a href="StructureDefinition-TesteNvieira.html">null:</a></td><td colspan="3"><ul><li>false</li></ul></td></tr></table></div>
  </text>
  <extension url="http://example.org/extension/nvieira">
    <valueBoolean value="false"/>
  </extension>
  <identifier>
    <use value="usual"/>
    <system value="http://someurl.org"/>
    <value value="some_value"/>
  </identifier>
  <name>
    <use value="usual"/>
    <text value="nuno"/>
    <family value="vieira"/>
    <given value="manuel"/>
  </name>
  <deceasedBoolean value="true"/>
</Patient>