<?xml version="1.0" encoding="UTF-8"?>

<Practitioner xmlns="http://hl7.org/fhir">
  <id value="PractitionerEx1"/>
  <text>
    <status value="generated"/><div xmlns="http://www.w3.org/1999/xhtml"><p><b>Generated Narrative: Practitioner</b><a name="PractitionerEx1"> </a></p><div style="display: inline-block; background-color: #d9e0e7; padding: 6px; margin: 4px; border: 1px solid #8da1b4; border-radius: 5px; line-height: 60%"><p style="margin-bottom: 0px">Resource Practitioner &quot;PractitionerEx1&quot; </p></div><p><b>identifier</b>: id: 1 (use: USUAL), id: 2 (use: OFFICIAL)</p><p><b>active</b>: true</p><p><b>name</b>: José Silva </p><p><b>telecom</b>: ph: 955555(HOME), <a href="mailto:teste@gmail.com">teste@gmail.com</a></p><p><b>address</b>: Rua Teste(HOME)</p><p><b>gender</b>: male</p><p><b>birthDate</b>: 1980-01-01</p><h3>Qualifications</h3><table class="grid"><tr><td style="display: none">-</td><td><b>Code</b></td></tr><tr><td style="display: none">*</td><td>Exemplo 1 <span style="background: LightGoldenRodYellow; margin: 4px; border: 1px solid khaki"> (example.org#1)</span></td></tr></table></div>
  </text>
  <identifier>
    <use value="usual"/>
    <system value="1"/>
    <value value="1"/>
  </identifier>
  <identifier>
    <use value="official"/>
    <system value="2"/>
    <value value="2"/>
  </identifier>
  <active value="true"/>
  <name>
    <family value="Silva"/>
    <given value="José"/>
  </name>
  <telecom>
    <system value="phone"/>
    <value value="955555"/>
    <use value="home"/>
  </telecom>
  <telecom>
    <system value="email"/>
    <value value="teste@gmail.com"/>
    <use value="work"/>
  </telecom>
  <address>
    <use value="home"/>
    <type value="physical"/>
    <text value="Rua Teste"/>
    <city value="Horta"/>
    <country value="Portugal"/>
  </address>
  <gender value="male"/>
  <birthDate value="1980-01-01"/>
  <qualification>
    <code>
      <coding>
        <system value="http://example.org"/>
        <code value="1"/>
      </coding>
      <text value="Exemplo 1"/>
    </code>
  </qualification>
</Practitioner>